hash,sample,modality,path
e5e8eae090756c931b202a2e13a4c7d8,10xPBMC,scRNAseq,10xPBMC/scRNAseq/10xPBMC@scRNAseq@qc_metrics_RNA@qc_metrics@noparams
ac9350329bc3fe7ce3c89eac80db2492,10xPBMC,scATACseq,10xPBMC/scATACseq/10xPBMC@scATACseq@qc_metrics_ATAC@qc_metrics@noparams
60e11a7a7dc75d6ca57f081771083660,10xPBMC,scRNAseq,10xPBMC/scRNAseq/10xPBMC@scRNAseq@qc_metrics_RNA@qc_metrics@noparams/10xPBMC@scRNAseq@pl_metrics_RNA@violin@noparams
1fb5dba59d1746e1c10e9fe213450ba5,10xPBMC,scRNAseq,10xPBMC/scRNAseq/10xPBMC@scRNAseq@qc_metrics_RNA@qc_metrics@noparams/10xPBMC@scRNAseq@pl_metrics_RNA@cell_type_with_gene_counts@noparams
118069b39f4c6e58a346368d7269f78a,10xPBMC,scATACseq,10xPBMC/scATACseq/10xPBMC@scATACseq@qc_metrics_ATAC@qc_metrics@noparams/10xPBMC@scATACseq@pl_metrics_ATAC@cell_type_with_gene_counts@noparams
9cde57d6bd182f25a19ad3ce714f7845,10xPBMC,scATACseq,10xPBMC/scATACseq/10xPBMC@scATACseq@qc_metrics_ATAC@qc_metrics@noparams/10xPBMC@scATACseq@pl_metrics_ATAC@violin@noparams
49a36a637e1cfa57dc8b65282b5af8f3,10xPBMC,scRNAseq,10xPBMC/scRNAseq/10xPBMC@scRNAseq@qc_metrics_RNA@qc_metrics@noparams/10xPBMC@scRNAseq@normalization_RNA@tfidf@noparams
e781096393e32a7dd66380c91a6587cb,10xPBMC,scRNAseq,10xPBMC/scRNAseq/10xPBMC@scRNAseq@qc_metrics_RNA@qc_metrics@noparams/10xPBMC@scRNAseq@normalization_RNA@normalize_total@noparams
4004ee0df861ab57b266282ef5765794,10xPBMC,scRNAseq,10xPBMC/scRNAseq/10xPBMC@scRNAseq@qc_metrics_RNA@qc_metrics@noparams/10xPBMC@scRNAseq@normalization_RNA@tfidf@noparams/10xPBMC@scRNAseq@GenerateTMC_RNA@generate_tmc@noparams
7b7048ef267dd85a3f8642ef89f1d619,10xPBMC,scRNAseq,10xPBMC/scRNAseq/10xPBMC@scRNAseq@qc_metrics_RNA@qc_metrics@noparams/10xPBMC@scRNAseq@normalization_RNA@normalize_total@noparams/10xPBMC@scRNAseq@GenerateTMC_RNA@generate_tmc@noparams
b7afe7acb453fe3a69d2d855a6b1f121,10xPBMC,scRNAseq,10xPBMC/scRNAseq/10xPBMC@scRNAseq@qc_metrics_RNA@qc_metrics@noparams/10xPBMC@scRNAseq@normalization_RNA@tfidf@noparams/10xPBMC@scRNAseq@dim_red_RNA@lsa@noparams
3e9f9019e4964cfb2183eb9a959a5298,10xPBMC,scRNAseq,10xPBMC/scRNAseq/10xPBMC@scRNAseq@qc_metrics_RNA@qc_metrics@noparams/10xPBMC@scRNAseq@normalization_RNA@normalize_total@noparams/10xPBMC@scRNAseq@dim_red_RNA@lsa@noparams
e16579cd6a6670562e4a8b0c6995b6f4,10xPBMC,scRNAseq,10xPBMC/scRNAseq/10xPBMC@scRNAseq@qc_metrics_RNA@qc_metrics@noparams/10xPBMC@scRNAseq@normalization_RNA@tfidf@noparams/10xPBMC@scRNAseq@dim_red_RNA@pca@noparams
7b350362bbfd9fdbf36e19cc6307fa88,10xPBMC,scRNAseq,10xPBMC/scRNAseq/10xPBMC@scRNAseq@qc_metrics_RNA@qc_metrics@noparams/10xPBMC@scRNAseq@normalization_RNA@normalize_total@noparams/10xPBMC@scRNAseq@dim_red_RNA@pca@noparams
265826e445e26a50421fc83c234cd751,10xPBMC,scRNAseq,10xPBMC/scRNAseq/10xPBMC@scRNAseq@qc_metrics_RNA@qc_metrics@noparams/10xPBMC@scRNAseq@normalization_RNA@normalize_total@noparams/10xPBMC@scRNAseq@dim_red_RNA@lsa@noparams/10xPBMC@scRNAseq@Embeddings_RNA@pca@noparams
59d59548c5728cb50dc9e65936bcae52,10xPBMC,scRNAseq,10xPBMC/scRNAseq/10xPBMC@scRNAseq@qc_metrics_RNA@qc_metrics@noparams/10xPBMC@scRNAseq@normalization_RNA@normalize_total@noparams/10xPBMC@scRNAseq@dim_red_RNA@pca@noparams/10xPBMC@scRNAseq@Embeddings_RNA@pca@noparams
70d0f8bd835f540a6e5f1b07bfd2da52,10xPBMC,scRNAseq,10xPBMC/scRNAseq/10xPBMC@scRNAseq@qc_metrics_RNA@qc_metrics@noparams/10xPBMC@scRNAseq@normalization_RNA@tfidf@noparams/10xPBMC@scRNAseq@dim_red_RNA@pca@noparams/10xPBMC@scRNAseq@Embeddings_RNA@pca@noparams
844c70d5247ea09933cb26b8f302df26,10xPBMC,scRNAseq,10xPBMC/scRNAseq/10xPBMC@scRNAseq@qc_metrics_RNA@qc_metrics@noparams/10xPBMC@scRNAseq@normalization_RNA@tfidf@noparams/10xPBMC@scRNAseq@dim_red_RNA@lsa@noparams/10xPBMC@scRNAseq@Embeddings_RNA@pca@noparams
1c2110595229a57cb443e593d47d7274,10xPBMC,scRNAseq,10xPBMC/scRNAseq/10xPBMC@scRNAseq@qc_metrics_RNA@qc_metrics@noparams/10xPBMC@scRNAseq@normalization_RNA@normalize_total@noparams/10xPBMC@scRNAseq@dim_red_RNA@lsa@noparams/10xPBMC@scRNAseq@Embeddings_RNA@lsa@noparams
5d149ae3bb6e9eb8756397fb425c2d7d,10xPBMC,scRNAseq,10xPBMC/scRNAseq/10xPBMC@scRNAseq@qc_metrics_RNA@qc_metrics@noparams/10xPBMC@scRNAseq@normalization_RNA@normalize_total@noparams/10xPBMC@scRNAseq@dim_red_RNA@pca@noparams/10xPBMC@scRNAseq@Embeddings_RNA@lsa@noparams
dcbfe175c1856f2f7fffef5241419edf,10xPBMC,scRNAseq,10xPBMC/scRNAseq/10xPBMC@scRNAseq@qc_metrics_RNA@qc_metrics@noparams/10xPBMC@scRNAseq@normalization_RNA@tfidf@noparams/10xPBMC@scRNAseq@dim_red_RNA@pca@noparams/10xPBMC@scRNAseq@Embeddings_RNA@lsa@noparams
9dd2950b926baec2afd8c58c40ee7edd,10xPBMC,scRNAseq,10xPBMC/scRNAseq/10xPBMC@scRNAseq@qc_metrics_RNA@qc_metrics@noparams/10xPBMC@scRNAseq@normalization_RNA@tfidf@noparams/10xPBMC@scRNAseq@dim_red_RNA@lsa@noparams/10xPBMC@scRNAseq@Embeddings_RNA@lsa@noparams
ab87c1d40c95964eafcb201494608aec,10xPBMC,scRNAseq,10xPBMC/scRNAseq/10xPBMC@scRNAseq@qc_metrics_RNA@qc_metrics@noparams/10xPBMC@scRNAseq@normalization_RNA@normalize_total@noparams/10xPBMC@scRNAseq@dim_red_RNA@lsa@noparams/10xPBMC@scRNAseq@Embeddings_RNA@umap@m_dist~0.6_n_neigh~20
2083d3605ef7156ceb6076508e1f0e48,10xPBMC,scRNAseq,10xPBMC/scRNAseq/10xPBMC@scRNAseq@qc_metrics_RNA@qc_metrics@noparams/10xPBMC@scRNAseq@normalization_RNA@normalize_total@noparams/10xPBMC@scRNAseq@dim_red_RNA@pca@noparams/10xPBMC@scRNAseq@Embeddings_RNA@umap@m_dist~0.6_n_neigh~20
94df4234e0c226677bc5f7959da1e9ce,10xPBMC,scRNAseq,10xPBMC/scRNAseq/10xPBMC@scRNAseq@qc_metrics_RNA@qc_metrics@noparams/10xPBMC@scRNAseq@normalization_RNA@tfidf@noparams/10xPBMC@scRNAseq@dim_red_RNA@pca@noparams/10xPBMC@scRNAseq@Embeddings_RNA@umap@m_dist~0.6_n_neigh~20
881ca07e2a2221e2e1475040511645c7,10xPBMC,scRNAseq,10xPBMC/scRNAseq/10xPBMC@scRNAseq@qc_metrics_RNA@qc_metrics@noparams/10xPBMC@scRNAseq@normalization_RNA@tfidf@noparams/10xPBMC@scRNAseq@dim_red_RNA@lsa@noparams/10xPBMC@scRNAseq@Embeddings_RNA@umap@m_dist~0.6_n_neigh~20
b68109062250ddb30b6a5c2c69cbb1be,10xPBMC,scRNAseq,10xPBMC/scRNAseq/10xPBMC@scRNAseq@qc_metrics_RNA@qc_metrics@noparams/10xPBMC@scRNAseq@normalization_RNA@normalize_total@noparams/10xPBMC@scRNAseq@dim_red_RNA@lsa@noparams/10xPBMC@scRNAseq@Embeddings_RNA@tsne@px~50
625e6c283148a1833252a34b3e69508a,10xPBMC,scRNAseq,10xPBMC/scRNAseq/10xPBMC@scRNAseq@qc_metrics_RNA@qc_metrics@noparams/10xPBMC@scRNAseq@normalization_RNA@normalize_total@noparams/10xPBMC@scRNAseq@dim_red_RNA@pca@noparams/10xPBMC@scRNAseq@Embeddings_RNA@tsne@px~50
76b0d8f6e394f39c595b58d9201b36ae,10xPBMC,scRNAseq,10xPBMC/scRNAseq/10xPBMC@scRNAseq@qc_metrics_RNA@qc_metrics@noparams/10xPBMC@scRNAseq@normalization_RNA@tfidf@noparams/10xPBMC@scRNAseq@dim_red_RNA@pca@noparams/10xPBMC@scRNAseq@Embeddings_RNA@tsne@px~50
faeef8298bf72bdcc2e316ee83644171,10xPBMC,scRNAseq,10xPBMC/scRNAseq/10xPBMC@scRNAseq@qc_metrics_RNA@qc_metrics@noparams/10xPBMC@scRNAseq@normalization_RNA@tfidf@noparams/10xPBMC@scRNAseq@dim_red_RNA@lsa@noparams/10xPBMC@scRNAseq@Embeddings_RNA@tsne@px~50
083e0a33b6663a403817e1a4c438941b,10xPBMC,scRNAseq,10xPBMC/scRNAseq/10xPBMC@scRNAseq@qc_metrics_RNA@qc_metrics@noparams/10xPBMC@scRNAseq@normalization_RNA@tfidf@noparams/10xPBMC@scRNAseq@dim_red_RNA@lsa@noparams/10xPBMC@scRNAseq@Embeddings_RNA@tsne@px~50/10xPBMC@scRNAseq@plot_embeddings_RNA@cell_norm@noparams
04a7b6cdc150d35635d324a8ce92a109,10xPBMC,scRNAseq,10xPBMC/scRNAseq/10xPBMC@scRNAseq@qc_metrics_RNA@qc_metrics@noparams/10xPBMC@scRNAseq@normalization_RNA@normalize_total@noparams/10xPBMC@scRNAseq@dim_red_RNA@pca@noparams/10xPBMC@scRNAseq@Embeddings_RNA@umap@m_dist~0.6_n_neigh~20/10xPBMC@scRNAseq@plot_embeddings_RNA@cell_norm@noparams
5923d76e2c8596a14bb1f3631fbe1281,10xPBMC,scRNAseq,10xPBMC/scRNAseq/10xPBMC@scRNAseq@qc_metrics_RNA@qc_metrics@noparams/10xPBMC@scRNAseq@normalization_RNA@normalize_total@noparams/10xPBMC@scRNAseq@dim_red_RNA@pca@noparams/10xPBMC@scRNAseq@Embeddings_RNA@tsne@px~50/10xPBMC@scRNAseq@plot_embeddings_RNA@cell_norm@noparams
db80d225b804d751e5d80c6226a2d137,10xPBMC,scRNAseq,10xPBMC/scRNAseq/10xPBMC@scRNAseq@qc_metrics_RNA@qc_metrics@noparams/10xPBMC@scRNAseq@normalization_RNA@normalize_total@noparams/10xPBMC@scRNAseq@dim_red_RNA@pca@noparams/10xPBMC@scRNAseq@Embeddings_RNA@lsa@noparams/10xPBMC@scRNAseq@plot_embeddings_RNA@cell_norm@noparams
f40dab984a776cf9c14fbc83235d6ca0,10xPBMC,scRNAseq,10xPBMC/scRNAseq/10xPBMC@scRNAseq@qc_metrics_RNA@qc_metrics@noparams/10xPBMC@scRNAseq@normalization_RNA@tfidf@noparams/10xPBMC@scRNAseq@dim_red_RNA@lsa@noparams/10xPBMC@scRNAseq@Embeddings_RNA@pca@noparams/10xPBMC@scRNAseq@plot_embeddings_RNA@cell_norm@noparams
05fb339f9e773f4bf14d66e9c5293d2d,10xPBMC,scRNAseq,10xPBMC/scRNAseq/10xPBMC@scRNAseq@qc_metrics_RNA@qc_metrics@noparams/10xPBMC@scRNAseq@normalization_RNA@normalize_total@noparams/10xPBMC@scRNAseq@dim_red_RNA@pca@noparams/10xPBMC@scRNAseq@Embeddings_RNA@pca@noparams/10xPBMC@scRNAseq@plot_embeddings_RNA@cell_norm@noparams
f4f4add4048e18cf992bd253ef0a8cd3,10xPBMC,scRNAseq,10xPBMC/scRNAseq/10xPBMC@scRNAseq@qc_metrics_RNA@qc_metrics@noparams/10xPBMC@scRNAseq@normalization_RNA@tfidf@noparams/10xPBMC@scRNAseq@dim_red_RNA@pca@noparams/10xPBMC@scRNAseq@Embeddings_RNA@lsa@noparams/10xPBMC@scRNAseq@plot_embeddings_RNA@cell_norm@noparams
14b5d3c02a1c804777ee2cfc048470f7,10xPBMC,scRNAseq,10xPBMC/scRNAseq/10xPBMC@scRNAseq@qc_metrics_RNA@qc_metrics@noparams/10xPBMC@scRNAseq@normalization_RNA@tfidf@noparams/10xPBMC@scRNAseq@dim_red_RNA@pca@noparams/10xPBMC@scRNAseq@Embeddings_RNA@umap@m_dist~0.6_n_neigh~20/10xPBMC@scRNAseq@plot_embeddings_RNA@cell_norm@noparams
cdc9ee00d1fb06dc052609852f922ab2,10xPBMC,scRNAseq,10xPBMC/scRNAseq/10xPBMC@scRNAseq@qc_metrics_RNA@qc_metrics@noparams/10xPBMC@scRNAseq@normalization_RNA@tfidf@noparams/10xPBMC@scRNAseq@dim_red_RNA@pca@noparams/10xPBMC@scRNAseq@Embeddings_RNA@tsne@px~50/10xPBMC@scRNAseq@plot_embeddings_RNA@cell_norm@noparams
3487e5d0b91e6b17b931a9ddda8c5888,10xPBMC,scRNAseq,10xPBMC/scRNAseq/10xPBMC@scRNAseq@qc_metrics_RNA@qc_metrics@noparams/10xPBMC@scRNAseq@normalization_RNA@normalize_total@noparams/10xPBMC@scRNAseq@dim_red_RNA@lsa@noparams/10xPBMC@scRNAseq@Embeddings_RNA@lsa@noparams/10xPBMC@scRNAseq@plot_embeddings_RNA@cell_norm@noparams
2652e61237cf64a0bcf53f76c1f70128,10xPBMC,scRNAseq,10xPBMC/scRNAseq/10xPBMC@scRNAseq@qc_metrics_RNA@qc_metrics@noparams/10xPBMC@scRNAseq@normalization_RNA@normalize_total@noparams/10xPBMC@scRNAseq@dim_red_RNA@lsa@noparams/10xPBMC@scRNAseq@Embeddings_RNA@umap@m_dist~0.6_n_neigh~20/10xPBMC@scRNAseq@plot_embeddings_RNA@cell_norm@noparams
40513bcdee209dfce96b20d12c6c85fa,10xPBMC,scRNAseq,10xPBMC/scRNAseq/10xPBMC@scRNAseq@qc_metrics_RNA@qc_metrics@noparams/10xPBMC@scRNAseq@normalization_RNA@tfidf@noparams/10xPBMC@scRNAseq@dim_red_RNA@lsa@noparams/10xPBMC@scRNAseq@Embeddings_RNA@lsa@noparams/10xPBMC@scRNAseq@plot_embeddings_RNA@cell_norm@noparams
f8c889679607af477ae045d124a713ed,10xPBMC,scRNAseq,10xPBMC/scRNAseq/10xPBMC@scRNAseq@qc_metrics_RNA@qc_metrics@noparams/10xPBMC@scRNAseq@normalization_RNA@tfidf@noparams/10xPBMC@scRNAseq@dim_red_RNA@lsa@noparams/10xPBMC@scRNAseq@Embeddings_RNA@umap@m_dist~0.6_n_neigh~20/10xPBMC@scRNAseq@plot_embeddings_RNA@cell_norm@noparams
8a0bc858b2ba4b93bca6b3c9cb358df4,10xPBMC,scRNAseq,10xPBMC/scRNAseq/10xPBMC@scRNAseq@qc_metrics_RNA@qc_metrics@noparams/10xPBMC@scRNAseq@normalization_RNA@normalize_total@noparams/10xPBMC@scRNAseq@dim_red_RNA@lsa@noparams/10xPBMC@scRNAseq@Embeddings_RNA@tsne@px~50/10xPBMC@scRNAseq@plot_embeddings_RNA@cell_norm@noparams
cc19339f271b13903a52692f3e1659cf,10xPBMC,scRNAseq,10xPBMC/scRNAseq/10xPBMC@scRNAseq@qc_metrics_RNA@qc_metrics@noparams/10xPBMC@scRNAseq@normalization_RNA@tfidf@noparams/10xPBMC@scRNAseq@dim_red_RNA@pca@noparams/10xPBMC@scRNAseq@Embeddings_RNA@pca@noparams/10xPBMC@scRNAseq@plot_embeddings_RNA@cell_norm@noparams
3249aa927570687bfa13b8f8bbc541ff,10xPBMC,scRNAseq,10xPBMC/scRNAseq/10xPBMC@scRNAseq@qc_metrics_RNA@qc_metrics@noparams/10xPBMC@scRNAseq@normalization_RNA@normalize_total@noparams/10xPBMC@scRNAseq@dim_red_RNA@lsa@noparams/10xPBMC@scRNAseq@Embeddings_RNA@pca@noparams/10xPBMC@scRNAseq@plot_embeddings_RNA@cell_norm@noparams
